UserID,First Name,Last Name,Movie
4,Xfnmospih,Cogckqjl,The Big Lebowski
6,Bxk,Arldt,"O Brother, Where Art Thou?"
10,Mbncvcscrm,N,The Big Lebowski
13,Ftkehncbxgc,Ortljgdjrjr,The Big Lebowski
14,Xxnrlm,Setzmzffnge,"O Brother, Where Art Thou?"
17,Jmzio,Lyjfgwfhpp,"O Brother, Where Art Thou?"
19,Yw,Ggyumuqmdepp,Ocean's 11
20,Gosvczpgdcnegag,Vqcyiwjnxdtflnvcusu,The Big Short
21,Etoiehkv,Bkytgpaoics,The Big Lebowski
26,Mbglwi,Rzxibrgehuodvq,The Big Short
27,Nqfxaxscjuceerx,Wvqrypwcedfswzmt,Ocean's 11
28,Zrhkxcl,Mgpfddgpoek,"O Brother, Where Art Thou?"
30,Lzaapjzxac,Audqvtzkxwltkgsiyx,Ocean's 11
31,Gwzn,Dwkrl,Ocean's 11
32,Tfrzcsaxtxp,Qup,"O Brother, Where Art Thou?"
35,Gdepwulafr,Tbbtqfpptvrglsgckdb,The Big Short
37,Gfewp,Ppryn,Ocean's 11
38,Rzxdmtwfpctlzn,Ufifyyuwo,Ocean's 11
39,Yjhmpkgraoah,Wmtcdamrsp,"O Brother, Where Art Thou?"
41,Fdwjnaaarhfax,Ygurm,The Big Short
46,Jycgvhdrzshzotox,Nrgqfzhhctgqdtbx,The Big Short
50,Mwnjnpuiuz,Bhcurzqjf,The Big Lebowski
53,Wsabdtdojdprp,R,"O Brother, Where Art Thou?"
55,Rhulnqj,Yy,Ocean's 11
56,Sjqelgpohsmc,Gpjf,Ocean's 11
57,Xumaqkznbu,Rnworub,Ocean's 11
58,Xfklmao,Klex,Ocean's 11
59,Ujtytiuehzblmhxyby,Zkcxfcsavcqufxsxdli,"O Brother, Where Art Thou?"
60,Qksofygzmfnkphm,Fsgdmhnw,The Big Lebowski
62,Cuwjxxdxwyj,Onuzr,Ocean's 11
65,Pd,Ouhwrsddlivsqcspb,The Big Lebowski
67,Lavcgmwijphfusahkn,Svkrahshekhcripoeja,Ocean's 11
69,Hx,Ssijoruwmydjwcjl,"O Brother, Where Art Thou?"
70,Jwqbvwtbrhs,Cvgonoppjmvjdga,"O Brother, Where Art Thou?"
71,Jshllcvxaohiglfiqba,Spzxmcakulfezhemvop,The Big Lebowski
74,Iaewfldmatxq,Wm,"O Brother, Where Art Thou?"
76,Ut,Ogvtkov,The Big Short
79,Gnezepztluj,Dmpaxavpepjgd,The Big Lebowski
80,Eq,Xxwkcgoaeieylgufalh,The Big Short
83,Gjcbnffgc,Pwprru,"O Brother, Where Art Thou?"
86,Yhrootwr,Ttbuqjgk,"O Brother, Where Art Thou?"
87,A,Dkgh,The Big Short
88,Dqcakzovi,Omjkmcc,"O Brother, Where Art Thou?"
90,Gxppcducxpmh,Ifnasbtx,The Big Lebowski
92,Pizkcenudlptiu,Jdeiaxapgn,The Big Lebowski
93,Fzoi,Nsn,The Big Lebowski
94,M,Eddcdyuer,The Big Lebowski
98,Sfcbmoex,C,The Big Lebowski
100,Ne,Vveznzbjuvqydbqxhq,"O Brother, Where Art Thou?"