Actor,Movie
Qahftrxc Kafnafqo,Movie_2
Lhwtekhf Tcjjigbl,Movie_1
Zjovqwps Bfhcgchq,Movie_3
Ejrsrbqn Gmhyrfit,Movie_1
Faigfywi Rkxlggog,Movie_5
Lpjzdmtw Derpkpmg,Movie_5
Wasrngqc Llywgnex,Movie_3
Vnfjeyxx Pmcjzugg,Movie_5
Ycmbttdm Ogwlfosf,Movie_3
Krjxlgba Opasbbai,Movie_5
Grfdyomu Uecllmsr,Movie_1
Bsucende Mwbvwcqo,Movie_1
Zywemfkb Jzgulkyz,Movie_5
Rmefbtbi Bmxnbnwb,Movie_1
Rgdxgpqk Pnyfsgkr,Movie_3
Lyyaqocn Ndjbghlo,Movie_3
Pzravhry Ddcohpsf,Movie_3
Ngxbqvbi Dzelsocy,Movie_2
Ovpddixu Wxfgcuwk,Movie_5
Tygeueke Yukrtges,Movie_4
